MMS Id,Barcode,Internet Archive Link,LibrarySearch Permalink
991106402508706196,31761115484602,http://archive.org/details/31761115484602,https://librarysearch.library.utoronto.ca/permalink/01UTORONTO_INST/14bjeso/alma991106402508706196
991106402488706196,31761115484586,http://archive.org/details/31761115484586,https://librarysearch.library.utoronto.ca/permalink/01UTORONTO_INST/14bjeso/alma991106402488706196
991106402495706196,31761115484578,http://archive.org/details/31761115484578,https://librarysearch.library.utoronto.ca/permalink/01UTORONTO_INST/14bjeso/alma991106402495706196
991106402518206196,31761115484511,http://archive.org/details/31761115484511,https://librarysearch.library.utoronto.ca/permalink/01UTORONTO_INST/14bjeso/alma991106402518206196
991106402496506196,31761115484560,http://archive.org/details/31761115484560,https://librarysearch.library.utoronto.ca/permalink/01UTORONTO_INST/14bjeso/alma991106402496506196
991106602222806196,31761115484552,http://archive.org/details/31761115484552,https://librarysearch.library.utoronto.ca/permalink/01UTORONTO_INST/14bjeso/alma991106602222806196
991106602051006196,31761115484537,http://archive.org/details/31761115484537,https://librarysearch.library.utoronto.ca/permalink/01UTORONTO_INST/14bjeso/alma991106602051006196
991106602219606196,31761115483547,http://archive.org/details/31761115483547,https://librarysearch.library.utoronto.ca/permalink/01UTORONTO_INST/14bjeso/alma991106602219606196
991106602057006196,31761115483539,http://archive.org/details/31761115483539,https://librarysearch.library.utoronto.ca/permalink/01UTORONTO_INST/14bjeso/alma991106602057006196
991106459851706196,31761114707482,http://archive.org/details/31761114707482,https://librarysearch.library.utoronto.ca/permalink/01UTORONTO_INST/14bjeso/alma991106459851706196
991105978214506196,31761115465734,http://archive.org/details/31761115465734,https://librarysearch.library.utoronto.ca/permalink/01UTORONTO_INST/14bjeso/alma991105978214506196
991105899382806196,31761114708340,http://archive.org/details/31761114708340,https://librarysearch.library.utoronto.ca/permalink/01UTORONTO_INST/14bjeso/alma991105899382806196
991105899387306196,31761114708381,http://archive.org/details/31761114708381,https://librarysearch.library.utoronto.ca/permalink/01UTORONTO_INST/14bjeso/alma991105899387306196
991106090472606196,31761114708464,http://archive.org/details/31761114708464,https://librarysearch.library.utoronto.ca/permalink/01UTORONTO_INST/14bjeso/alma991106090472606196
991106090334506196,31761114708506,http://archive.org/details/31761114708506,https://librarysearch.library.utoronto.ca/permalink/01UTORONTO_INST/14bjeso/alma991106090334506196
991106086046306196,31761115468712,http://archive.org/details/31761115468712,https://librarysearch.library.utoronto.ca/permalink/01UTORONTO_INST/14bjeso/alma991106086046306196
991106254303806196,31761115464455,http://archive.org/details/31761115464455,https://librarysearch.library.utoronto.ca/permalink/01UTORONTO_INST/14bjeso/alma991106254303806196
991106122024006196,31761115464307,http://archive.org/details/31761115464307,https://librarysearch.library.utoronto.ca/permalink/01UTORONTO_INST/14bjeso/alma991106122024006196
991106122024006196,31761115464349,http://archive.org/details/31761115464349,https://librarysearch.library.utoronto.ca/permalink/01UTORONTO_INST/14bjeso/alma991106122024006196
991106122024006196,31761115464463,http://archive.org/details/31761115464463,https://librarysearch.library.utoronto.ca/permalink/01UTORONTO_INST/14bjeso/alma991106122024006196
991106189783306196,31761115462889,http://archive.org/details/31761115462889,https://librarysearch.library.utoronto.ca/permalink/01UTORONTO_INST/14bjeso/alma991106189783306196
991106236772606196,31761115464091,http://archive.org/details/31761115464091,https://librarysearch.library.utoronto.ca/permalink/01UTORONTO_INST/14bjeso/alma991106236772606196
991106236772606196,31761115464109,http://archive.org/details/31761115464109,https://librarysearch.library.utoronto.ca/permalink/01UTORONTO_INST/14bjeso/alma991106236772606196
991106072273406196,31761114662190,http://archive.org/details/31761114662190,https://librarysearch.library.utoronto.ca/permalink/01UTORONTO_INST/14bjeso/alma991106072273406196
991106404882306196,31761114662380,http://archive.org/details/31761114662380,https://librarysearch.library.utoronto.ca/permalink/01UTORONTO_INST/14bjeso/alma991106404882306196
991106404882306196,31761114662471,http://archive.org/details/31761114662471,https://librarysearch.library.utoronto.ca/permalink/01UTORONTO_INST/14bjeso/alma991106404882306196
991106722910906196,31761114695695,http://archive.org/details/31761114695695,https://librarysearch.library.utoronto.ca/permalink/01UTORONTO_INST/14bjeso/alma991106722910906196
991106722910906196,31761114698822,http://archive.org/details/31761114698822,https://librarysearch.library.utoronto.ca/permalink/01UTORONTO_INST/14bjeso/alma991106722910906196
991106551226606196,31761114698871,http://archive.org/details/31761114698871,https://librarysearch.library.utoronto.ca/permalink/01UTORONTO_INST/14bjeso/alma991106551226606196
991106096286806196,31761114693708,http://archive.org/details/31761114693708,https://librarysearch.library.utoronto.ca/permalink/01UTORONTO_INST/14bjeso/alma991106096286806196
991106156453106196,31761115474314,http://archive.org/details/31761115474314,https://librarysearch.library.utoronto.ca/permalink/01UTORONTO_INST/14bjeso/alma991106156453106196
991106156531406196,31761115478737,http://archive.org/details/31761115478737,https://librarysearch.library.utoronto.ca/permalink/01UTORONTO_INST/14bjeso/alma991106156531406196
991106156531406196,31761115472813,http://archive.org/details/31761115472813,https://librarysearch.library.utoronto.ca/permalink/01UTORONTO_INST/14bjeso/alma991106156531406196
991106156716406196,31761115473134,http://archive.org/details/31761115473134,https://librarysearch.library.utoronto.ca/permalink/01UTORONTO_INST/14bjeso/alma991106156716406196
991106315650006196,31761115475014,http://archive.org/details/31761115475014,https://librarysearch.library.utoronto.ca/permalink/01UTORONTO_INST/14bjeso/alma991106315650006196
991106474061006196,31761115474835,http://archive.org/details/31761115474835,https://librarysearch.library.utoronto.ca/permalink/01UTORONTO_INST/14bjeso/alma991106474061006196
991106315649106196,31761115474868,http://archive.org/details/31761115474868,https://librarysearch.library.utoronto.ca/permalink/01UTORONTO_INST/14bjeso/alma991106315649106196
991106474050506196,31761115474678,http://archive.org/details/31761115474678,https://librarysearch.library.utoronto.ca/permalink/01UTORONTO_INST/14bjeso/alma991106474050506196
991106474194706196,31761115474900,http://archive.org/details/31761115474900,https://librarysearch.library.utoronto.ca/permalink/01UTORONTO_INST/14bjeso/alma991106474194706196
991106474200106196,31761115475063,http://archive.org/details/31761115475063,https://librarysearch.library.utoronto.ca/permalink/01UTORONTO_INST/14bjeso/alma991106474200106196
991106315648306196,31761115474876,http://archive.org/details/31761115474876,https://librarysearch.library.utoronto.ca/permalink/01UTORONTO_INST/14bjeso/alma991106315648306196
991106474191006196,31761115474710,http://archive.org/details/31761115474710,https://librarysearch.library.utoronto.ca/permalink/01UTORONTO_INST/14bjeso/alma991106474191006196
991105969765906196,31761115474702,http://archive.org/details/31761115474702,https://librarysearch.library.utoronto.ca/permalink/01UTORONTO_INST/14bjeso/alma991105969765906196
991106474182806196,31761115474553,http://archive.org/details/31761115474553,https://librarysearch.library.utoronto.ca/permalink/01UTORONTO_INST/14bjeso/alma991106474182806196
991106474182806196,31761115474561,http://archive.org/details/31761115474561,https://librarysearch.library.utoronto.ca/permalink/01UTORONTO_INST/14bjeso/alma991106474182806196
991106476296206196,31761115474496,http://archive.org/details/31761115474496,https://librarysearch.library.utoronto.ca/permalink/01UTORONTO_INST/14bjeso/alma991106476296206196
991106158260206196,31761115474454,http://archive.org/details/31761115474454,https://librarysearch.library.utoronto.ca/permalink/01UTORONTO_INST/14bjeso/alma991106158260206196
991106315661206196,31761115474447,http://archive.org/details/31761115474447,https://librarysearch.library.utoronto.ca/permalink/01UTORONTO_INST/14bjeso/alma991106315661206196
991106315660406196,31761115475527,http://archive.org/details/31761115475527,https://librarysearch.library.utoronto.ca/permalink/01UTORONTO_INST/14bjeso/alma991106315660406196
991106315655706196,31761115474645,http://archive.org/details/31761115474645,https://librarysearch.library.utoronto.ca/permalink/01UTORONTO_INST/14bjeso/alma991106315655706196
991106359731006196,31761115475618,http://archive.org/details/31761115475618,https://librarysearch.library.utoronto.ca/permalink/01UTORONTO_INST/14bjeso/alma991106359731006196
991106359926806196,31761115475584,http://archive.org/details/31761115475584,https://librarysearch.library.utoronto.ca/permalink/01UTORONTO_INST/14bjeso/alma991106359926806196
991106359927306196,31761115475576,http://archive.org/details/31761115475576,https://librarysearch.library.utoronto.ca/permalink/01UTORONTO_INST/14bjeso/alma991106359927306196
991106474187306196,31761115475204,http://archive.org/details/31761115475204,https://librarysearch.library.utoronto.ca/permalink/01UTORONTO_INST/14bjeso/alma991106474187306196
991106476289306196,31761115475469,http://archive.org/details/31761115475469,https://librarysearch.library.utoronto.ca/permalink/01UTORONTO_INST/14bjeso/alma991106476289306196
991106169534606196,31761115475444,http://archive.org/details/31761115475444,https://librarysearch.library.utoronto.ca/permalink/01UTORONTO_INST/14bjeso/alma991106169534606196
991106169535806196,31761115475428,http://archive.org/details/31761115475428,https://librarysearch.library.utoronto.ca/permalink/01UTORONTO_INST/14bjeso/alma991106169535806196
991106169532706196,31761115475410,http://archive.org/details/31761115475410,https://librarysearch.library.utoronto.ca/permalink/01UTORONTO_INST/14bjeso/alma991106169532706196
991106728923506196,31761115480261,http://archive.org/details/31761115480261,https://librarysearch.library.utoronto.ca/permalink/01UTORONTO_INST/14bjeso/alma991106728923506196
991106630549906196,31761115481848,http://archive.org/details/31761115481848,https://librarysearch.library.utoronto.ca/permalink/01UTORONTO_INST/14bjeso/alma991106630549906196
991106359984206196,31761115483257,http://archive.org/details/31761115483257,https://librarysearch.library.utoronto.ca/permalink/01UTORONTO_INST/14bjeso/alma991106359984206196
991106181598906196,31761115483422,http://archive.org/details/31761115483422,https://librarysearch.library.utoronto.ca/permalink/01UTORONTO_INST/14bjeso/alma991106181598906196
991106181559706196,31761115483380,http://archive.org/details/31761115483380,https://librarysearch.library.utoronto.ca/permalink/01UTORONTO_INST/14bjeso/alma991106181559706196
991106359976406196,31761115481715,http://archive.org/details/31761115481715,https://librarysearch.library.utoronto.ca/permalink/01UTORONTO_INST/14bjeso/alma991106359976406196
991105851363106196,31761115482879,http://archive.org/details/31761115482879,https://librarysearch.library.utoronto.ca/permalink/01UTORONTO_INST/14bjeso/alma991105851363106196
991106371616706196,31761115483794,http://archive.org/details/31761115483794,https://librarysearch.library.utoronto.ca/permalink/01UTORONTO_INST/14bjeso/alma991106371616706196
991105851390206196,31761115482283,http://archive.org/details/31761115482283,https://librarysearch.library.utoronto.ca/permalink/01UTORONTO_INST/14bjeso/alma991105851390206196
991106169551306196,31761115483661,http://archive.org/details/31761115483661,https://librarysearch.library.utoronto.ca/permalink/01UTORONTO_INST/14bjeso/alma991106169551306196
991106443482906196,31761115461345,http://archive.org/details/31761115461345,https://librarysearch.library.utoronto.ca/permalink/01UTORONTO_INST/14bjeso/alma991106443482906196
991106443477506196,31761115461337,http://archive.org/details/31761115461337,https://librarysearch.library.utoronto.ca/permalink/01UTORONTO_INST/14bjeso/alma991106443477506196
991106443431006196,31761115461311,http://archive.org/details/31761115461311,https://librarysearch.library.utoronto.ca/permalink/01UTORONTO_INST/14bjeso/alma991106443431006196
991105896572106196,31761115461279,http://archive.org/details/31761115461279,https://librarysearch.library.utoronto.ca/permalink/01UTORONTO_INST/14bjeso/alma991105896572106196
991105896583606196,31761115461287,http://archive.org/details/31761115461287,https://librarysearch.library.utoronto.ca/permalink/01UTORONTO_INST/14bjeso/alma991105896583606196
991105896590806196,31761115462228,http://archive.org/details/31761115462228,https://librarysearch.library.utoronto.ca/permalink/01UTORONTO_INST/14bjeso/alma991105896590806196
991105896543206196,31761115462194,http://archive.org/details/31761115462194,https://librarysearch.library.utoronto.ca/permalink/01UTORONTO_INST/14bjeso/alma991105896543206196
991105896542606196,31761115462418,http://archive.org/details/31761115462418,https://librarysearch.library.utoronto.ca/permalink/01UTORONTO_INST/14bjeso/alma991105896542606196
991105896545306196,31761115462392,http://archive.org/details/31761115462392,https://librarysearch.library.utoronto.ca/permalink/01UTORONTO_INST/14bjeso/alma991105896545306196
991105896546006196,31761115462400,http://archive.org/details/31761115462400,https://librarysearch.library.utoronto.ca/permalink/01UTORONTO_INST/14bjeso/alma991105896546006196
991105896548006196,31761115462376,http://archive.org/details/31761115462376,https://librarysearch.library.utoronto.ca/permalink/01UTORONTO_INST/14bjeso/alma991105896548006196
991105896556406196,31761115462277,http://archive.org/details/31761115462277,https://librarysearch.library.utoronto.ca/permalink/01UTORONTO_INST/14bjeso/alma991105896556406196
991105896727706196,31761115462269,http://archive.org/details/31761115462269,https://librarysearch.library.utoronto.ca/permalink/01UTORONTO_INST/14bjeso/alma991105896727706196
991105896530206196,31761115462236,http://archive.org/details/31761115462236,https://librarysearch.library.utoronto.ca/permalink/01UTORONTO_INST/14bjeso/alma991105896530206196
991106191168406196,31761115461915,http://archive.org/details/31761115461915,https://librarysearch.library.utoronto.ca/permalink/01UTORONTO_INST/14bjeso/alma991106191168406196
991106191168406196,31761115461923,http://archive.org/details/31761115461923,https://librarysearch.library.utoronto.ca/permalink/01UTORONTO_INST/14bjeso/alma991106191168406196
991106331520106196,31761115470486,http://archive.org/details/31761115470486,https://librarysearch.library.utoronto.ca/permalink/01UTORONTO_INST/14bjeso/alma991106331520106196
991106420193206196,31761115463663,http://archive.org/details/31761115463663,https://librarysearch.library.utoronto.ca/permalink/01UTORONTO_INST/14bjeso/alma991106420193206196
991106420193206196,31761115463671,http://archive.org/details/31761115463671,https://librarysearch.library.utoronto.ca/permalink/01UTORONTO_INST/14bjeso/alma991106420193206196
991106443451306196,31761115463861,http://archive.org/details/31761115463861,https://librarysearch.library.utoronto.ca/permalink/01UTORONTO_INST/14bjeso/alma991106443451306196
991106624081306196,31761115470767,http://archive.org/details/31761115470767,https://librarysearch.library.utoronto.ca/permalink/01UTORONTO_INST/14bjeso/alma991106624081306196
991106624122306196,31761115470759,http://archive.org/details/31761115470759,https://librarysearch.library.utoronto.ca/permalink/01UTORONTO_INST/14bjeso/alma991106624122306196
991106624101606196,31761115470742,http://archive.org/details/31761115470742,https://librarysearch.library.utoronto.ca/permalink/01UTORONTO_INST/14bjeso/alma991106624101606196
991106624104906196,31761115470734,http://archive.org/details/31761115470734,https://librarysearch.library.utoronto.ca/permalink/01UTORONTO_INST/14bjeso/alma991106624104906196
991106442986506196,31761114652019,http://archive.org/details/31761114652019,https://librarysearch.library.utoronto.ca/permalink/01UTORONTO_INST/14bjeso/alma991106442986506196
991106475052106196,31761114653553,http://archive.org/details/31761114653553,https://librarysearch.library.utoronto.ca/permalink/01UTORONTO_INST/14bjeso/alma991106475052106196
991106126768306196,31761114652571,http://archive.org/details/31761114652571,https://librarysearch.library.utoronto.ca/permalink/01UTORONTO_INST/14bjeso/alma991106126768306196
991106163931006196,31761114652431,http://archive.org/details/31761114652431,https://librarysearch.library.utoronto.ca/permalink/01UTORONTO_INST/14bjeso/alma991106163931006196
991105978007006196,31761114652654,http://archive.org/details/31761114652654,https://librarysearch.library.utoronto.ca/permalink/01UTORONTO_INST/14bjeso/alma991105978007006196
991106015055406196,31761114652449,http://archive.org/details/31761114652449,https://librarysearch.library.utoronto.ca/permalink/01UTORONTO_INST/14bjeso/alma991106015055406196
991106473212706196,31761114652647,http://archive.org/details/31761114652647,https://librarysearch.library.utoronto.ca/permalink/01UTORONTO_INST/14bjeso/alma991106473212706196
991106558371706196,31761114652787,http://archive.org/details/31761114652787,https://librarysearch.library.utoronto.ca/permalink/01UTORONTO_INST/14bjeso/alma991106558371706196
991106057624806196,31761114652621,http://archive.org/details/31761114652621,https://librarysearch.library.utoronto.ca/permalink/01UTORONTO_INST/14bjeso/alma991106057624806196
991106057624806196,31761114652639,http://archive.org/details/31761114652639,https://librarysearch.library.utoronto.ca/permalink/01UTORONTO_INST/14bjeso/alma991106057624806196
991106440298106196,31761114652613,http://archive.org/details/31761114652613,https://librarysearch.library.utoronto.ca/permalink/01UTORONTO_INST/14bjeso/alma991106440298106196
991105923446806196,31761114652605,http://archive.org/details/31761114652605,https://librarysearch.library.utoronto.ca/permalink/01UTORONTO_INST/14bjeso/alma991105923446806196
991106263067606196,31761114652779,http://archive.org/details/31761114652779,https://librarysearch.library.utoronto.ca/permalink/01UTORONTO_INST/14bjeso/alma991106263067606196
991106727330006196,31761114652738,http://archive.org/details/31761114652738,https://librarysearch.library.utoronto.ca/permalink/01UTORONTO_INST/14bjeso/alma991106727330006196
991106263043406196,31761114652720,http://archive.org/details/31761114652720,https://librarysearch.library.utoronto.ca/permalink/01UTORONTO_INST/14bjeso/alma991106263043406196
991106263044206196,31761114652712,http://archive.org/details/31761114652712,https://librarysearch.library.utoronto.ca/permalink/01UTORONTO_INST/14bjeso/alma991106263044206196
991106679979406196,31761114652704,http://archive.org/details/31761114652704,https://librarysearch.library.utoronto.ca/permalink/01UTORONTO_INST/14bjeso/alma991106679979406196
991106263050906196,31761114652456,http://archive.org/details/31761114652456,https://librarysearch.library.utoronto.ca/permalink/01UTORONTO_INST/14bjeso/alma991106263050906196
991106219437006196,31761114652696,http://archive.org/details/31761114652696,https://librarysearch.library.utoronto.ca/permalink/01UTORONTO_INST/14bjeso/alma991106219437006196
991106260702106196,31761114653595,http://archive.org/details/31761114653595,https://librarysearch.library.utoronto.ca/permalink/01UTORONTO_INST/14bjeso/alma991106260702106196
991106568479506196,31761114653348,http://archive.org/details/31761114653348,https://librarysearch.library.utoronto.ca/permalink/01UTORONTO_INST/14bjeso/alma991106568479506196
991106294718306196,31761114653603,http://archive.org/details/31761114653603,https://librarysearch.library.utoronto.ca/permalink/01UTORONTO_INST/14bjeso/alma991106294718306196
991106257962206196,31761114653629,http://archive.org/details/31761114653629,https://librarysearch.library.utoronto.ca/permalink/01UTORONTO_INST/14bjeso/alma991106257962206196
991106590918506196,31761114653389,http://archive.org/details/31761114653389,https://librarysearch.library.utoronto.ca/permalink/01UTORONTO_INST/14bjeso/alma991106590918506196
991105873451206196,31761114653322,http://archive.org/details/31761114653322,https://librarysearch.library.utoronto.ca/permalink/01UTORONTO_INST/14bjeso/alma991105873451206196
991105873629106196,31761114653314,http://archive.org/details/31761114653314,https://librarysearch.library.utoronto.ca/permalink/01UTORONTO_INST/14bjeso/alma991105873629106196
991105873454406196,31761114653306,http://archive.org/details/31761114653306,https://librarysearch.library.utoronto.ca/permalink/01UTORONTO_INST/14bjeso/alma991105873454406196
991106664258006196,31761114653397,http://archive.org/details/31761114653397,https://librarysearch.library.utoronto.ca/permalink/01UTORONTO_INST/14bjeso/alma991106664258006196
991106062463706196,31761114653256,http://archive.org/details/31761114653256,https://librarysearch.library.utoronto.ca/permalink/01UTORONTO_INST/14bjeso/alma991106062463706196
991106734818906196,31761114653447,http://archive.org/details/31761114653447,https://librarysearch.library.utoronto.ca/permalink/01UTORONTO_INST/14bjeso/alma991106734818906196
991106566537406196,31761114653355,http://archive.org/details/31761114653355,https://librarysearch.library.utoronto.ca/permalink/01UTORONTO_INST/14bjeso/alma991106566537406196
991106566540406196,31761114653363,http://archive.org/details/31761114653363,https://librarysearch.library.utoronto.ca/permalink/01UTORONTO_INST/14bjeso/alma991106566540406196
991106566536906196,31761114653371,http://archive.org/details/31761114653371,https://librarysearch.library.utoronto.ca/permalink/01UTORONTO_INST/14bjeso/alma991106566536906196
991106089078706196,31761114653785,http://archive.org/details/31761114653785,https://librarysearch.library.utoronto.ca/permalink/01UTORONTO_INST/14bjeso/alma991106089078706196
991105890540006196,31761114653678,http://archive.org/details/31761114653678,https://librarysearch.library.utoronto.ca/permalink/01UTORONTO_INST/14bjeso/alma991105890540006196
991106646404506196,31761114655988,http://archive.org/details/31761114655988,https://librarysearch.library.utoronto.ca/permalink/01UTORONTO_INST/14bjeso/alma991106646404506196
991106030137406196,31761114655012,http://archive.org/details/31761114655012,https://librarysearch.library.utoronto.ca/permalink/01UTORONTO_INST/14bjeso/alma991106030137406196
991106544767906196,31761114655053,http://archive.org/details/31761114655053,https://librarysearch.library.utoronto.ca/permalink/01UTORONTO_INST/14bjeso/alma991106544767906196
991106033927806196,31761114653827,http://archive.org/details/31761114653827,https://librarysearch.library.utoronto.ca/permalink/01UTORONTO_INST/14bjeso/alma991106033927806196
991106110064006196,31761114654726,http://archive.org/details/31761114654726,https://librarysearch.library.utoronto.ca/permalink/01UTORONTO_INST/14bjeso/alma991106110064006196
991106484010106196,31761114654965,http://archive.org/details/31761114654965,https://librarysearch.library.utoronto.ca/permalink/01UTORONTO_INST/14bjeso/alma991106484010106196
991106493711906196,31761114654957,http://archive.org/details/31761114654957,https://librarysearch.library.utoronto.ca/permalink/01UTORONTO_INST/14bjeso/alma991106493711906196
991105935708306196,31761114655178,http://archive.org/details/31761114655178,https://librarysearch.library.utoronto.ca/permalink/01UTORONTO_INST/14bjeso/alma991105935708306196
991106551127606196,31761114655160,http://archive.org/details/31761114655160,https://librarysearch.library.utoronto.ca/permalink/01UTORONTO_INST/14bjeso/alma991106551127606196
991106551124706196,31761114655152,http://archive.org/details/31761114655152,https://librarysearch.library.utoronto.ca/permalink/01UTORONTO_INST/14bjeso/alma991106551124706196
991106007455206196,31761114654593,http://archive.org/details/31761114654593,https://librarysearch.library.utoronto.ca/permalink/01UTORONTO_INST/14bjeso/alma991106007455206196
991106007386806196,31761114654619,http://archive.org/details/31761114654619,https://librarysearch.library.utoronto.ca/permalink/01UTORONTO_INST/14bjeso/alma991106007386806196
991106460371806196,31761114654627,http://archive.org/details/31761114654627,https://librarysearch.library.utoronto.ca/permalink/01UTORONTO_INST/14bjeso/alma991106460371806196
991106070783306196,31761114654635,http://archive.org/details/31761114654635,https://librarysearch.library.utoronto.ca/permalink/01UTORONTO_INST/14bjeso/alma991106070783306196
991105915021506196,31761114654643,http://archive.org/details/31761114654643,https://librarysearch.library.utoronto.ca/permalink/01UTORONTO_INST/14bjeso/alma991105915021506196
991105915020306196,31761114654650,http://archive.org/details/31761114654650,https://librarysearch.library.utoronto.ca/permalink/01UTORONTO_INST/14bjeso/alma991105915020306196
991105914830906196,31761114654668,http://archive.org/details/31761114654668,https://librarysearch.library.utoronto.ca/permalink/01UTORONTO_INST/14bjeso/alma991105914830906196
991106516736406196,31761114654684,http://archive.org/details/31761114654684,https://librarysearch.library.utoronto.ca/permalink/01UTORONTO_INST/14bjeso/alma991106516736406196
991106516736406196,31761114654692,http://archive.org/details/31761114654692,https://librarysearch.library.utoronto.ca/permalink/01UTORONTO_INST/14bjeso/alma991106516736406196
991106570356506196,31761114654502,http://archive.org/details/31761114654502,https://librarysearch.library.utoronto.ca/permalink/01UTORONTO_INST/14bjeso/alma991106570356506196
991106349905706196,31761114654510,http://archive.org/details/31761114654510,https://librarysearch.library.utoronto.ca/permalink/01UTORONTO_INST/14bjeso/alma991106349905706196
991106072264306196,31761114654700,http://archive.org/details/31761114654700,https://librarysearch.library.utoronto.ca/permalink/01UTORONTO_INST/14bjeso/alma991106072264306196
991106504787306196,31761114654528,http://archive.org/details/31761114654528,https://librarysearch.library.utoronto.ca/permalink/01UTORONTO_INST/14bjeso/alma991106504787306196
991106504787306196,31761114654536,http://archive.org/details/31761114654536,https://librarysearch.library.utoronto.ca/permalink/01UTORONTO_INST/14bjeso/alma991106504787306196
991106749210006196,31761114654478,http://archive.org/details/31761114654478,https://librarysearch.library.utoronto.ca/permalink/01UTORONTO_INST/14bjeso/alma991106749210006196
991106749206006196,31761114654486,http://archive.org/details/31761114654486,https://librarysearch.library.utoronto.ca/permalink/01UTORONTO_INST/14bjeso/alma991106749206006196
991105974299506196,31761114654544,http://archive.org/details/31761114654544,https://librarysearch.library.utoronto.ca/permalink/01UTORONTO_INST/14bjeso/alma991105974299506196
991105971984306196,31761114654346,http://archive.org/details/31761114654346,https://librarysearch.library.utoronto.ca/permalink/01UTORONTO_INST/14bjeso/alma991105971984306196
991105977967806196,31761114654338,http://archive.org/details/31761114654338,https://librarysearch.library.utoronto.ca/permalink/01UTORONTO_INST/14bjeso/alma991105977967806196
991106472312706196,31761114654312,http://archive.org/details/31761114654312,https://librarysearch.library.utoronto.ca/permalink/01UTORONTO_INST/14bjeso/alma991106472312706196
991106472312706196,31761114654320,http://archive.org/details/31761114654320,https://librarysearch.library.utoronto.ca/permalink/01UTORONTO_INST/14bjeso/alma991106472312706196
991106277239506196,31761114654304,http://archive.org/details/31761114654304,https://librarysearch.library.utoronto.ca/permalink/01UTORONTO_INST/14bjeso/alma991106277239506196
991106399315306196,31761114656432,http://archive.org/details/31761114656432,https://librarysearch.library.utoronto.ca/permalink/01UTORONTO_INST/14bjeso/alma991106399315306196
991105954002606196,31761114656424,http://archive.org/details/31761114656424,https://librarysearch.library.utoronto.ca/permalink/01UTORONTO_INST/14bjeso/alma991105954002606196
991106688031606196,31761114656499,http://archive.org/details/31761114656499,https://librarysearch.library.utoronto.ca/permalink/01UTORONTO_INST/14bjeso/alma991106688031606196
991106627837006196,31761114656416,http://archive.org/details/31761114656416,https://librarysearch.library.utoronto.ca/permalink/01UTORONTO_INST/14bjeso/alma991106627837006196
991106281797606196,31761114656408,http://archive.org/details/31761114656408,https://librarysearch.library.utoronto.ca/permalink/01UTORONTO_INST/14bjeso/alma991106281797606196
991106394415406196,31761114656390,http://archive.org/details/31761114656390,https://librarysearch.library.utoronto.ca/permalink/01UTORONTO_INST/14bjeso/alma991106394415406196
991106454288906196,31761114656622,http://archive.org/details/31761114656622,https://librarysearch.library.utoronto.ca/permalink/01UTORONTO_INST/14bjeso/alma991106454288906196
991106349515806196,31761114656614,http://archive.org/details/31761114656614,https://librarysearch.library.utoronto.ca/permalink/01UTORONTO_INST/14bjeso/alma991106349515806196
991106349516906196,31761114656606,http://archive.org/details/31761114656606,https://librarysearch.library.utoronto.ca/permalink/01UTORONTO_INST/14bjeso/alma991106349516906196
991106464431106196,31761114656598,http://archive.org/details/31761114656598,https://librarysearch.library.utoronto.ca/permalink/01UTORONTO_INST/14bjeso/alma991106464431106196
991105893088106196,31761114656580,http://archive.org/details/31761114656580,https://librarysearch.library.utoronto.ca/permalink/01UTORONTO_INST/14bjeso/alma991105893088106196
991105893206906196,31761114656572,http://archive.org/details/31761114656572,https://librarysearch.library.utoronto.ca/permalink/01UTORONTO_INST/14bjeso/alma991105893206906196
991106262897506196,31761114653892,http://archive.org/details/31761114653892,https://librarysearch.library.utoronto.ca/permalink/01UTORONTO_INST/14bjeso/alma991106262897506196
991106511855106196,31761114656564,http://archive.org/details/31761114656564,https://librarysearch.library.utoronto.ca/permalink/01UTORONTO_INST/14bjeso/alma991106511855106196
991106448380906196,31761114656531,http://archive.org/details/31761114656531,https://librarysearch.library.utoronto.ca/permalink/01UTORONTO_INST/14bjeso/alma991106448380906196
991105989686806196,31761114656523,http://archive.org/details/31761114656523,https://librarysearch.library.utoronto.ca/permalink/01UTORONTO_INST/14bjeso/alma991105989686806196
991105883338106196,31761114656515,http://archive.org/details/31761114656515,https://librarysearch.library.utoronto.ca/permalink/01UTORONTO_INST/14bjeso/alma991105883338106196
991106266925606196,31761114656481,http://archive.org/details/31761114656481,https://librarysearch.library.utoronto.ca/permalink/01UTORONTO_INST/14bjeso/alma991106266925606196
991106328888606196,31761114656549,http://archive.org/details/31761114656549,https://librarysearch.library.utoronto.ca/permalink/01UTORONTO_INST/14bjeso/alma991106328888606196
991106709736006196,31761114655541,http://archive.org/details/31761114655541,https://librarysearch.library.utoronto.ca/permalink/01UTORONTO_INST/14bjeso/alma991106709736006196
991106509549506196,31761114655533,http://archive.org/details/31761114655533,https://librarysearch.library.utoronto.ca/permalink/01UTORONTO_INST/14bjeso/alma991106509549506196
991106099304606196,31761114655525,http://archive.org/details/31761114655525,https://librarysearch.library.utoronto.ca/permalink/01UTORONTO_INST/14bjeso/alma991106099304606196
991106638371606196,31761114655343,http://archive.org/details/31761114655343,https://librarysearch.library.utoronto.ca/permalink/01UTORONTO_INST/14bjeso/alma991106638371606196
991106638657106196,31761114655335,http://archive.org/details/31761114655335,https://librarysearch.library.utoronto.ca/permalink/01UTORONTO_INST/14bjeso/alma991106638657106196
991105993554506196,31761114656473,http://archive.org/details/31761114656473,https://librarysearch.library.utoronto.ca/permalink/01UTORONTO_INST/14bjeso/alma991105993554506196
991105847986306196,31761114655491,http://archive.org/details/31761114655491,https://librarysearch.library.utoronto.ca/permalink/01UTORONTO_INST/14bjeso/alma991105847986306196
991106662643006196,31761114655467,http://archive.org/details/31761114655467,https://librarysearch.library.utoronto.ca/permalink/01UTORONTO_INST/14bjeso/alma991106662643006196
991106662643006196,31761114655475,http://archive.org/details/31761114655475,https://librarysearch.library.utoronto.ca/permalink/01UTORONTO_INST/14bjeso/alma991106662643006196
991106291717706196,31761114655483,http://archive.org/details/31761114655483,https://librarysearch.library.utoronto.ca/permalink/01UTORONTO_INST/14bjeso/alma991106291717706196
991106404722506196,31761114655459,http://archive.org/details/31761114655459,https://librarysearch.library.utoronto.ca/permalink/01UTORONTO_INST/14bjeso/alma991106404722506196
991105917237806196,31761114677875,http://archive.org/details/31761114677875,https://librarysearch.library.utoronto.ca/permalink/01UTORONTO_INST/14bjeso/alma991105917237806196
991105917237806196,31761114677883,http://archive.org/details/31761114677883,https://librarysearch.library.utoronto.ca/permalink/01UTORONTO_INST/14bjeso/alma991105917237806196
991105917237806196,31761114677891,http://archive.org/details/31761114677891,https://librarysearch.library.utoronto.ca/permalink/01UTORONTO_INST/14bjeso/alma991105917237806196
991105917237806196,31761114677909,http://archive.org/details/31761114677909,https://librarysearch.library.utoronto.ca/permalink/01UTORONTO_INST/14bjeso/alma991105917237806196
991105917237806196,31761114677917,http://archive.org/details/31761114677917,https://librarysearch.library.utoronto.ca/permalink/01UTORONTO_INST/14bjeso/alma991105917237806196
991105917237806196,31761114677925,http://archive.org/details/31761114677925,https://librarysearch.library.utoronto.ca/permalink/01UTORONTO_INST/14bjeso/alma991105917237806196
991105917237806196,31761114677933,http://archive.org/details/31761114677933,https://librarysearch.library.utoronto.ca/permalink/01UTORONTO_INST/14bjeso/alma991105917237806196
991105917237806196,31761114677941,http://archive.org/details/31761114677941,https://librarysearch.library.utoronto.ca/permalink/01UTORONTO_INST/14bjeso/alma991105917237806196
991105917237806196,31761114677958,http://archive.org/details/31761114677958,https://librarysearch.library.utoronto.ca/permalink/01UTORONTO_INST/14bjeso/alma991105917237806196
991105917237806196,31761114677966,http://archive.org/details/31761114677966,https://librarysearch.library.utoronto.ca/permalink/01UTORONTO_INST/14bjeso/alma991105917237806196
991105917237806196,31761114677974,http://archive.org/details/31761114677974,https://librarysearch.library.utoronto.ca/permalink/01UTORONTO_INST/14bjeso/alma991105917237806196
991105917237806196,31761114677982,http://archive.org/details/31761114677982,https://librarysearch.library.utoronto.ca/permalink/01UTORONTO_INST/14bjeso/alma991105917237806196
991105917237806196,31761114678030,http://archive.org/details/31761114678030,https://librarysearch.library.utoronto.ca/permalink/01UTORONTO_INST/14bjeso/alma991105917237806196
991105917237806196,31761114678048,http://archive.org/details/31761114678048,https://librarysearch.library.utoronto.ca/permalink/01UTORONTO_INST/14bjeso/alma991105917237806196
991105917237806196,31761114678055,http://archive.org/details/31761114678055,https://librarysearch.library.utoronto.ca/permalink/01UTORONTO_INST/14bjeso/alma991105917237806196
991105917237806196,31761114678063,http://archive.org/details/31761114678063,https://librarysearch.library.utoronto.ca/permalink/01UTORONTO_INST/14bjeso/alma991105917237806196
991105917237806196,31761114678071,http://archive.org/details/31761114678071,https://librarysearch.library.utoronto.ca/permalink/01UTORONTO_INST/14bjeso/alma991105917237806196
991105917237806196,31761114678089,http://archive.org/details/31761114678089,https://librarysearch.library.utoronto.ca/permalink/01UTORONTO_INST/14bjeso/alma991105917237806196
991105917237806196,31761114678097,http://archive.org/details/31761114678097,https://librarysearch.library.utoronto.ca/permalink/01UTORONTO_INST/14bjeso/alma991105917237806196
991105917237806196,31761114678105,http://archive.org/details/31761114678105,https://librarysearch.library.utoronto.ca/permalink/01UTORONTO_INST/14bjeso/alma991105917237806196
991106324415206196,31761115488967,http://archive.org/details/31761115488967,https://librarysearch.library.utoronto.ca/permalink/01UTORONTO_INST/14bjeso/alma991106324415206196
991106324415206196,31761115467615,http://archive.org/details/31761115467615,https://librarysearch.library.utoronto.ca/permalink/01UTORONTO_INST/14bjeso/alma991106324415206196
991106324415206196,31761115467623,http://archive.org/details/31761115467623,https://librarysearch.library.utoronto.ca/permalink/01UTORONTO_INST/14bjeso/alma991106324415206196
991106324415206196,31761115467656,http://archive.org/details/31761115467656,https://librarysearch.library.utoronto.ca/permalink/01UTORONTO_INST/14bjeso/alma991106324415206196
991106324415206196,31761115467664,http://archive.org/details/31761115467664,https://librarysearch.library.utoronto.ca/permalink/01UTORONTO_INST/14bjeso/alma991106324415206196
991106324415206196,31761115467672,http://archive.org/details/31761115467672,https://librarysearch.library.utoronto.ca/permalink/01UTORONTO_INST/14bjeso/alma991106324415206196
991106324415206196,31761115467698,http://archive.org/details/31761115467698,https://librarysearch.library.utoronto.ca/permalink/01UTORONTO_INST/14bjeso/alma991106324415206196
991106324415206196,31761115467706,http://archive.org/details/31761115467706,https://librarysearch.library.utoronto.ca/permalink/01UTORONTO_INST/14bjeso/alma991106324415206196
991106324415206196,31761115467714,http://archive.org/details/31761115467714,https://librarysearch.library.utoronto.ca/permalink/01UTORONTO_INST/14bjeso/alma991106324415206196
991106324415206196,31761115467722,http://archive.org/details/31761115467722,https://librarysearch.library.utoronto.ca/permalink/01UTORONTO_INST/14bjeso/alma991106324415206196
991106324415206196,31761115467730,http://archive.org/details/31761115467730,https://librarysearch.library.utoronto.ca/permalink/01UTORONTO_INST/14bjeso/alma991106324415206196
991106324415206196,31761115467748,http://archive.org/details/31761115467748,https://librarysearch.library.utoronto.ca/permalink/01UTORONTO_INST/14bjeso/alma991106324415206196
991106324415206196,31761115467755,http://archive.org/details/31761115467755,https://librarysearch.library.utoronto.ca/permalink/01UTORONTO_INST/14bjeso/alma991106324415206196
991106324415206196,31761115467763,http://archive.org/details/31761115467763,https://librarysearch.library.utoronto.ca/permalink/01UTORONTO_INST/14bjeso/alma991106324415206196
991106324415206196,31761115467789,http://archive.org/details/31761115467789,https://librarysearch.library.utoronto.ca/permalink/01UTORONTO_INST/14bjeso/alma991106324415206196
991106324415206196,31761115467797,http://archive.org/details/31761115467797,https://librarysearch.library.utoronto.ca/permalink/01UTORONTO_INST/14bjeso/alma991106324415206196
991106324415206196,31761115467805,http://archive.org/details/31761115467805,https://librarysearch.library.utoronto.ca/permalink/01UTORONTO_INST/14bjeso/alma991106324415206196
991106324415206196,31761115467813,http://archive.org/details/31761115467813,https://librarysearch.library.utoronto.ca/permalink/01UTORONTO_INST/14bjeso/alma991106324415206196
991106324415206196,31761115467821,http://archive.org/details/31761115467821,https://librarysearch.library.utoronto.ca/permalink/01UTORONTO_INST/14bjeso/alma991106324415206196
991106324415206196,31761115484636,http://archive.org/details/31761115484636,https://librarysearch.library.utoronto.ca/permalink/01UTORONTO_INST/14bjeso/alma991106324415206196
991106324415206196,31761115484644,http://archive.org/details/31761115484644,https://librarysearch.library.utoronto.ca/permalink/01UTORONTO_INST/14bjeso/alma991106324415206196
991106324415206196,31761115484651,http://archive.org/details/31761115484651,https://librarysearch.library.utoronto.ca/permalink/01UTORONTO_INST/14bjeso/alma991106324415206196
991106324415206196,31761115484669,http://archive.org/details/31761115484669,https://librarysearch.library.utoronto.ca/permalink/01UTORONTO_INST/14bjeso/alma991106324415206196
991106324415206196,31761115484677,http://archive.org/details/31761115484677,https://librarysearch.library.utoronto.ca/permalink/01UTORONTO_INST/14bjeso/alma991106324415206196
991106324415206196,31761115484685,http://archive.org/details/31761115484685,https://librarysearch.library.utoronto.ca/permalink/01UTORONTO_INST/14bjeso/alma991106324415206196
991106324415206196,31761115484693,http://archive.org/details/31761115484693,https://librarysearch.library.utoronto.ca/permalink/01UTORONTO_INST/14bjeso/alma991106324415206196
991106324415206196,31761115484701,http://archive.org/details/31761115484701,https://librarysearch.library.utoronto.ca/permalink/01UTORONTO_INST/14bjeso/alma991106324415206196
991106324415206196,31761115484719,http://archive.org/details/31761115484719,https://librarysearch.library.utoronto.ca/permalink/01UTORONTO_INST/14bjeso/alma991106324415206196
991106324415206196,31761115484727,http://archive.org/details/31761115484727,https://librarysearch.library.utoronto.ca/permalink/01UTORONTO_INST/14bjeso/alma991106324415206196
991106324415206196,31761115484735,http://archive.org/details/31761115484735,https://librarysearch.library.utoronto.ca/permalink/01UTORONTO_INST/14bjeso/alma991106324415206196
991106324415206196,31761115484743,http://archive.org/details/31761115484743,https://librarysearch.library.utoronto.ca/permalink/01UTORONTO_INST/14bjeso/alma991106324415206196
991106324415206196,31761115484750,http://archive.org/details/31761115484750,https://librarysearch.library.utoronto.ca/permalink/01UTORONTO_INST/14bjeso/alma991106324415206196
991106324415206196,31761115484768,http://archive.org/details/31761115484768,https://librarysearch.library.utoronto.ca/permalink/01UTORONTO_INST/14bjeso/alma991106324415206196
991106324415206196,31761115484776,http://archive.org/details/31761115484776,https://librarysearch.library.utoronto.ca/permalink/01UTORONTO_INST/14bjeso/alma991106324415206196
991106324415206196,31761115484784,http://archive.org/details/31761115484784,https://librarysearch.library.utoronto.ca/permalink/01UTORONTO_INST/14bjeso/alma991106324415206196
991106324415206196,31761115484792,http://archive.org/details/31761115484792,https://librarysearch.library.utoronto.ca/permalink/01UTORONTO_INST/14bjeso/alma991106324415206196
991106324415206196,31761115484800,http://archive.org/details/31761115484800,https://librarysearch.library.utoronto.ca/permalink/01UTORONTO_INST/14bjeso/alma991106324415206196
991106324415206196,31761115485591,http://archive.org/details/31761115485591,https://librarysearch.library.utoronto.ca/permalink/01UTORONTO_INST/14bjeso/alma991106324415206196
991106324415206196,31761115485609,http://archive.org/details/31761115485609,https://librarysearch.library.utoronto.ca/permalink/01UTORONTO_INST/14bjeso/alma991106324415206196
991106324415206196,31761115485617,http://archive.org/details/31761115485617,https://librarysearch.library.utoronto.ca/permalink/01UTORONTO_INST/14bjeso/alma991106324415206196